SANATÇI 1;SANATÇI 2;ŞARKI ADI;TÜR1;TÜR2
ZEYNEP BASTIK;ANIL PIYANCI;BIRAKMAN DOĞRU MU;POP;RAP
ZEYNEP BASTIK;ANIL PIYANCI;BIRAKMAN DOĞRU MU 2;POP;RAP
ZEYNEP BASTIK;REYNMEN;YALAN;POP;POP
ZEYNEP BASTIK;EDIS;YATAKTA KARDİYO;POP;POP
ZEYNEP BASTIK;MURDA;GÜNEŞ;POP;RAP
ZEYNEP BASTIK;MUSTAFA SANDAL;MOD;POP;POP
ZEYNEP BASTIK;KOZMOS;SAVAŞTIM HARBİDEN;POP;RAP
ZEYNEP BASTIK;CAGRI TELKIVIRAN;SEN SANDIM;POP;POP
ZEYNEP BASTIK;MURAT DALKILIC;BEN KALP SEN;POP;POP
ZEYNEP BASTIK;NUKHET DURU;KAZANDIM;POP;POP
ZEYNEP BASTIK;EMIR CAN IGREK;DARGIN;POP;POP
ANIL PIYANCI;EZHEL;BUGÜN BİRAZ İÇTİM;RAP;RAP
ANIL PIYANCI;GROGI;BUGÜN BİRAZ İÇTİM;RAP;RAP
ANIL PIYANCI;EZHEL;KAFA10;RAP;RAP
ANIL PIYANCI;EZHEL;I'M THE KING;RAP;RAP
ANIL PIYANCI;EZHEL;İYİ Kİ DOĞDUN;RAP;RAP
ANIL PIYANCI;EZHEL;SEKİZ 2;RAP;RAP
ANIL PIYANCI;EZHEL;KEYİF PEZEVENGİ;RAP;RAP
ANIL PIYANCI;KAAN BOSNAK ;NEDENİ GÖREMEM;RAP;POP
ANIL PIYANCI;KAAN BOSNAK ;OLMUYOR;RAP;POP
ANIL PIYANCI;KAAN BOSNAK ;KALMADI TADIM TUZUM;RAP;POP
ANIL PIYANCI;KAAN BOSNAK ;TAKSİM;RAP;POP
ANIL PIYANCI;KAAN BOSNAK ;GÖKLERDE SÜZÜLÜRKEN;RAP;POP
ANIL PIYANCI;KAAN BOSNAK ;VARSIN;RAP;POP
ANIL PIYANCI;SEHINSAH;GİT;RAP;RAP
ANIL PIYANCI;SEHINSAH;ADAM OLMAZ;RAP;RAP
ANIL PIYANCI;SEHINSAH;KİRLENDİ TÜM DUYGULARIM;RAP;RAP
ANIL PIYANCI;SEHINSAH;HATALAR BENİM;RAP;RAP
ANIL PIYANCI;SEHINSAH;ESKİ OKUL;RAP;RAP
ANIL PIYANCI;SEHINSAH;TYGA;RAP;RAP
ANIL PIYANCI;SEHINSAH;6EP;RAP;RAP
ANIL PIYANCI;SEHINSAH;HERKES SAVAŞ İSTİYOR;RAP;RAP
ANIL PIYANCI;SEHINSAH;SOĞUK SAVAŞ;RAP;RAP
ANIL PIYANCI;CANBAY & WOLKER;KATLIAM 3;RAP ;RAP
ANIL PIYANCI;CANBAY & WOLKER;KATLIAM 3;RAP;RAP
ANIL PIYANCI;SANISER;KATLIAM 3;RAP;RAP
ANIL PIYANCI;ROTA;KATLIAM 3;RAP;RAP
ANIL PIYANCI;HAYKI;KATLIAM 3;RAP;RAP
ANIL PIYANCI;YENER CEVIK;KATLIAM 3;RAP;RAP
ANIL PIYANCI;TEKMILL;KATLIAM 3;RAP;RAP
ANIL PIYANCI;DEFKHAN;KATLİAM 3;RAP;RAP
ANIL PIYANCI;SIRDAV;KATLİAM 3;RAP;RAP
ANIL PIYANCI;SEHINSAH;TABİ LEN;RAP;RAP
ANIL PIYANCI;CONTRA;YERDEN YÜKSEK;RAP;RAP
ANIL PIYANCI;CONTRA;HİÇBİR ŞEYİN YOK;RAP;RAP
ANIL PIYANCI;DR.FUCHS;KATLİAM 3;RAP ;RAP
ANIL PIYANCI;CONTRA;AYIK OL;RAP;RAP
ANIL PIYANCI;CONTRA;TAVŞAN;RAP;RAP
ANIL PIYANCI;CONTRA;FİGHT KULÜP 2;RAP;RAP
ANIL PIYANCI;MASSAKA;KATLİAM 3;RAP ;RAP
ANIL PIYANCI;CONTRA;YERDEN YÜKSEK 2;RAP;RAP
ANIL PIYANCI;CONTRA;SUSHİ;RAP;RAP
ANIL PIYANCI;CONTRA;KATLİAM 2;RAP;RAP
ANIL PIYANCI;CONTRA;K.E.F.Y;RAP;RAP
ANIL PIYANCI;SANSAR SALVO;KATLIAM 2;RAP;RAP
ANIL PIYANCI;ALEYNA KALAYCIOGLU;BANA CEVAP VER;RAP;POP
ANIL PIYANCI;SANSAR SALVO;KATLİAM 3;RAP;RAP
ANIL PIYANCI;SANSAR SALVO;HERKES DOĞRU;RAP;RAP
ANIL PIYANCI;SUFLE;YASIYORUM OLESIYE;RAP;POP
ANIL PIYANCI;SANSAR SALVO;RAHAT OL;RAP;RAP
ANIL PIYANCI;SANSAR SALVO;TABİ LEN;RAP;RAP
ANIL PIYANCI;BEN FERO;SIKI DUR;RAP;RAP
ANIL PIYANCI;CASH FLOW;ADAM OLMAZ;RAP;RAP
ANIL PIYANCI;CASH FLOW;ETRAFTA DOLANMA;RAP;RAP
ANIL PIYANCI;EYPIO;ADAM OLMAZ;RAP;RAP
ANIL PIYANCI;EYPIO;KATLİAM 4;RAP;RAP
ANIL PIYANCI;PERDENIN ARDINDAKILER;YAĞMURLAR;RAP;POP
ANIL PIYANCI;MASSAKA;KATLİAM 2;RAP;RAP
ANIL PIYANCI;YENER CEVIK;KATLIAM 2;RAP;RAP
ANIL PIYANCI;VELET;KATLIAM 2;RAP;RAP
ANIL PIYANCI;MONSTAR361;KATLIAM 2;RAP;RAP
ANIL PIYANCI;DEFKHAN;KATLIAM 2;RAP;RAP
ANIL PIYANCI;GEKKO G;KATLIAM 2;RAP;RAP
ANIL PIYANCI;RED;SEKİZ 2;RAP;RAP
ANIL PIYANCI;CEG;YEŞİLLENDİR;RAP;RAP
ANIL PIYANCI;KEISAN;SEKİZ 2;RAP;RAP
ANIL PIYANCI;NOMAD;SEKİZ 2;RAP;RAP
ANIL PIYANCI;EDIS;KAINAT;RAP;POP
ANIL PIYANCI;EKIN BERIL;KAINAT;RAP;POP
ANIL PIYANCI;ANSE;YENİDEN BAŞLAR;RAP;POP
ANIL PIYANCI;MONOMAN;ETRAFTA DOLANMA;RAP;RAP
ANIL PIYANCI;AYDILGE;İÇİME DÜŞTÜ ATEŞ;RAP;POP
ANIL PIYANCI;KILLA HAKAN;FIGHT KULÜP 2;RAP;RAP
ANIL PIYANCI;MASSAKA;FIGHT KULUP 2;RAP;RAP
ANIL PIYANCI;SUMMER CEM;FIGHT KULUP 2;RAP;RAP
ANIL PIYANCI;KHONTKAR;FIGHT KULUP 2;RAP;RAP
ANIL PIYANCI;GROGI;BALERIN;RAP;RAP
ANIL PIYANCI;FUAT ERGIN;NEFSINE GUC VER;RAP;RAP
ANIL PIYANCI;ARAF;NEFSINE GUC VER;RAP;RAP
ANIL PIYANCI;EYLUL PIYANCI;SONDULERSE;RAP;POP
ANIL PIYANCI;EZHEL;ANKARADAYIZ;RAP;RAP
ANIL PIYANCI;RED;ANKARADAYIZ;RAP;RAP
ANIL PIYANCI;CEZA;FIGHT KULUP 2;RAP;RAP
KEISAN;ANIL PIYANCI;ANKARADAYIZ;RAP;RAP
KEISAN;ANIL PIYANCI;KİRLENDİ TÜM DUYGULARIM;RAP;RAP
KEISAN;ANIL PIYANCI;NE BAKIYON DAYI DAYI;RAP;RAP
KEISAN;ANIL PIYANCI;PARE PARE;RAP;RAP
KEISAN;ANIL PIYANCI;OLMAZSA OLMAZ;RAP;RAP
KEISAN;ANIL PIYANCI;BANA DİK DİK BAKMA;RAP;RAP
KEISAN;ANIL PIYANCI;KUŞKU;RAP;RAP
KEISAN;ANIL PIYANCI;HAYRI YOK;RAP;RAP
KEISAN;ANIL PIYANCI;KENDİMİ BOZDUM;RAP;RAP
KEISAN;ANIL PIYANCI;SENİ ARAMAZ OLAYDIM;RAP;RAP
KEISAN;ANIL PIYANCI;KAYBETTİM YOLUMU;RAP;RAP
KEISAN;ANIL PIYANCI;SIFIR SIFIR;RAP;RAP
KEISAN;BEN FERO;KİM O;RAP;RAP
KEISAN;BEN FERO;İYİCE DERİNE;RAP;RAP
KEISAN;CAKAL;ALTIPATLAR;RAP;RAP
KEISAN;DELAREDO;YAŞIYORUZ ÖLMEMEK İÇİN;RAP;RAP
KEISAN;EZHEL;ANKARADAYIZ;RAP;RAP
KEISAN;EZHEL;ANLA ;RAP;RAP
KEISAN;EZHEL;YENİDEN;RAP;RAP
KEISAN;EZHEL;SENFONİ 4;RAP;RAP
KEISAN;EZHEL;SENFONİ 1;RAP;RAP
KEISAN;KHONTKAR;GÖRMEDİM BÖYLESİNİ;RAP;RAP
KEISAN;EZHEL;SEKIZ 2 ;RAP;RAP
KEISAN;RED;SEKIZ 2 ;RAP;RAP
KEISAN;NOMAD;SEKIZ 2 ;RAP;RAP
KEISAN;RED;ANKARADAYIZ;RAP;RAP
KEISAN;RECKOL;ALTIPATLAR;RAP;RAP
KEISAN;SEHINSAH;KIRLENDI TUM DUYGULARIM;RAP;RAP
KEISAN;OHASH;OLAN OLDU;RAP;RAP
KEISAN;SEHINSAH;CANNABIS;RAP;RAP
KEISAN;REDO;LANET;RAP;RAP
KEISAN;DIANZ;KASILMA;RAP;RAP
KEISAN;REDO;ZOMBIE;RAP;RAP
KEISAN;BETA BERK BAYINDIR;SUTLA TOPU;RAP;RAP
KEISAN;SERVER URAZ;SUTLA TOPU;RAP;RAP
KEISAN;BETA BERK BAYINDIR;TRIPTE DEGILIZ;RAP;RAP
KEISAN;REDO;TRIPTE DEGILIZ;RAP;RAP
KEISAN;REDO;YAKALA;RAP;RAP
KEISAN;MERT SENEL;ITFAIYE;RAP;RAP
KEISAN;SOKRAT ST;YAKLAS BANA;RAP;RAP
KAAN BOSNAK;SANSAR SALVO;KOPTU KAYIS;POP;RAP
KAAN BOSNAK;ANIL BAYRAKTAR;KATIYDI BUHARLASTI;POP;POP
KAAN BOSNAK;METTH;BU SEFER BASKA;POP;RAP
DEMET AKALIN;LVBEL C5;BENI UNUTMA;POP;RAP
DEMET AKALIN;SEFO;YERINDE DUR;POP;RAP
DEMET AKALIN;OZCAN DENIZ;NASIP DEGILMIS;POP;POP
DEMET AKALIN;GOKHAN OZEN;YIKIL KARSIMDAN;POP;POP
DEMET AKALIN;ERSAY UNER;YILAN;POP;POP
DEMET AKALIN;GOKHAN OZEN;NEFSI MUDAFAA;POP;POP
EZHEL;EMEL;BAZEN;RAP;POP
EZHEL;MURDA;BIR SONRAKI HAYATIMDA GEL;RAP;RAP
EZHEL;GROGI;BUGÜN BİRAZ İÇTİM;RAP;RAP
EZHEL;UFO361;YEMIN OLSUN;RAP;RAP
EZHEL;SUMMER CEM;KONTAK;RAP;RAP
EZHEL;MURDA;UCHIGATANA;RAP;RAP
EZHEL;UFO361;WIR SIND KRAL;RAP;RAP
EZHEL;MURDA;DUMAN;RAP;RAP
EZHEL;UFO361;BIR DAHA;RAP;RAP
EZHEL;MURDA;AYA;RAP;RAP
EZHEL;UFO361;KAPAT ISIKLARINI;RAP;RAP
EZHEL;KILLA HAKAN;FIGHT KULUP ;RAP;RAP
EZHEL;CEZA;FIGHT KULUP ;RAP;RAP
EZHEL;BEN FERO;FIGHT KULUP ;RAP;RAP
EZHEL;UFO361;SCHWARZ WEISS;RAP;RAP
EZHEL;UFO361;YKKE;RAP;RAP
MUSTAFA CECELI;BENGU;KERVAN;POP;POP
MUSTAFA CECELI;BURAK BULUT;RASTGELE;POP;POP
MUSTAFA CECELI;KURTULUS KUS;RASTGELE;POP;POP
MUSTAFA CECELI;IREM DERICI;RASTGELE;POP;POP
MUSTAFA CECELI;SEMICENK;DAYAN;POP;POP
MUSTAFA CECELI;YIKDIZ TILBE;ASKTAN GIDERKEN;POP;POP
MUSTAFA CECELI;NIGAR MUHARREM;SALINCAK;POP;POP
MUSTAFA CECELI;BURAK BULUT;SARGI;POP;POP
MUSTAFA CECELI;KURTULUS KUS;SARGI;POP;POP
MUSTAFA CECELI;NIGAR MUHARREM;SARGI;POP;POP
MUSTAFA CECELI;IRMAK ARICI;MUHUR;POP;POP
MUSTAFA CECELI;BILAL HANCI;RUZGAR;POP;POP
MUSTAFA CECELI;BURAK BULUT;LEYLA MECNUN;POP;POP
MUSTAFA CECELI;KURTULUS KUS;LEYLA MECNUN;POP;POP
MUSTAFA CECELI;IRMAK ARICI;GUN AGARMADAN;POP;POP
MUSTAFA CECELI;EKIN UZUNLAR;YOLLARI ASAMADIM;POP;POP
MUSTAFA CECELI;ELVAN GUNAYDIN;EKSIK;POP;POP
MUSTAFA CECELI;IREM DERICI;KIYMETLIM;POP;POP
MUSTAFA CECELI;BENGU;ZAMAN;POP;POP
MUSTAFA CECELI;SINAN AKCIL;DURUM COK ACIL;POP;POP
MUSTAFA CECELI;MERVE OZBEY;DURUM COK ACIL;POP;POP
MUSTAFA CECELI;RAST;VAZGEC GONUL;POP;POP
MUSTAFA CECELI;IREM DERICI;COK SEVMEK YASAKLANMALI;POP;POP
MUSTAFA CECELI;SINAN AKCIL;ANLARSIN;POP;POP
MUSTAFA CECELI;SINAN AKCIL;COK SEVMEK YASAKLANMALI;POP;POP
EYPIO;BURAK KING;GUNAH BENIM;RAP;RAP
EYPIO;TUGCE KANDEMIR;KORKUM BUNDAN;RAP;POP
EYPIO;TUGCE KANDEMIR;SENI OPTUGUM SOKAK;RAP;POP
EYPIO;HEJA;SEYTAN VE MELEKLER;RAP;RAP
EYPIO;NO.1;SEYTAN VE MELEKLER;RAP;RAP
EYPIO;ZERRIN OZER;ITIRAZIM VAR;RAP;POP
EYPIO;YENER CEVIK;BANA SOR;RAP;RAP
EYPIO;YENER CEVIK;TABLO;RAP;RAP
EYPIO;HAYKI;TABLO;RAP;RAP
EYPIO;BURAK KING;SEN;RAP;RAP
EYPIO;MUSTAFA SANDAL;RESET;RAP;POP
EYPIO;CASH FLOW;ADAM OLMAZ;RAP;RAP
EYPIO;SEHINSAH;ADAM OLMAZ;RAP;RAP
EYPIO;BURAK BULUT;LEYLAM;RAP;POP
EYPIO;KURTULUS KUS;LEYLAM;RAP;POP
EYPIO;CAGRI SINCI;OLMEZSEN KAYBETMEZSIN;RAP;RAP
EYPIO;ALLAME;YAK GEMILERINI;RAP;RAP
EYPIO;YENER CEVIK;YAK GEMILERINI;RAP;RAP
EYPIO;ALLAME;NEDEN;RAP;RAP
EYPIO;TUGCE KANDEMIR;ZELZELE;RAP;POP
EYPIO;BILAL HANCI;ZELZELE;RAP;POP
EYPIO;CAN YUCE;ZELZELE;RAP;POP
EYPIO;PINAR SUER;ZELZELE;RAP;POP
EYPIO;NAHIDE BABASHLI;ZELZELE;RAP;POP
EYPIO;AYSEL YAKUPOGLU;ZELZELE;RAP;POP
EYPIO;NIGAR MUHARREM;ZELZELE;RAP;POP
EYPIO;HAYKI;KATIL;RAP;RAP
EYPIO;KEZZO;CARE DEGIL;RAP;RAP
EYPIO;NO.1;CARE DEGIL;RAP;RAP
EYPIO;UMUT TIMUR;SEVIYO SEVMIYO;RAP;POP
EYPIO;FUAT ERGIN;UTANDIM AH;RAP;RAP
EYPIO;KADR;GECE KARARIR;RAP;POP
EYPIO;KEZZO;KAYBIM COK;RAP;RAP
EYPIO;CAGRI SINCI;GIYABINDA;RAP;RAP
EYPIO;CAGRI SINCI;YAPCAGNIZ ISE;RAP;RAP
EYPIO;INDIGO;YAPCAGNIZ ISE;RAP;RAP
EYPIO;FUAT ERGIN;IZAHAT;RAP;RAP
EYPIO;MUSTAFA SANDAL;BIZIM COCUKLAR;RAP;POP
EYPIO;DERYA ULUG;BIZIM COCUKLAR;RAP;POP
EYPIO;IRMAK ARICI;BIZIM COCUKLAR;RAP;POP
SINAN AKCIL;DURU;BANA AITSIN;POP;POP
SINAN AKCIL;GULBEN ERGEN;SENI BULURUM;POP;POP
SINAN AKCIL;ECE MUMAY;VAZGECMEM;POP;POP
SINAN AKCIL;ECE MUMAY;FELAKET;POP;POP
SINAN AKCIL;HANDE YENER;ATMA;POP;POP
SINAN AKCIL;ATLAS;DIYEMIYORUM;POP;POP
SINAN AKCIL;SERDAR ORTAC;YUZYILIN ASKI;POP;POP
SINAN AKCIL;MERVE OZBEY;DURUM COK ACIL;POP;POP
SINAN AKCIL;ILYAS YALCINTAS;HIC UNUTMA;POP;POP
SINAN AKCIL;SERDAR ORTAC;HABER GELMIYOR YARDAN;POP;POP
SINAN AKCIL;IREM DERICI;COK SEVMEK YASAKLANMALI;POP;POP
SINAN AKCIL;AJDA PEKKAN;CUMARTESI;POP;POP
SINAN AKCIL;SEREN UZUN;ASLAN PARCASI;POP;POP
SINAN AKCIL;ALEYNA KALAYCIOGLU;YANIMDADIR;POP;POP
SINAN AKCIL;MUSTAFA CECELI;EFKAR GECESI;POP;POP
SINAN AKCIL;IREM DERICI;EFKAR GECESI;POP;POP
SINAN AKCIL;ALEYNA KALAYCIOGLU;SENYOR;POP;POP
SINAN AKCIL;BENGU;BU ASK YERDE KALMAZ;POP;POP
SINAN AKCIL;DEMET AKALIN;VAZGECILMEZIM;POP;POP
SINAN AKCIL;DEMET AKALIN;YALAN;POP;POP
SEHABE;AYDILGE;SARILSAK GECER GIBIYDI;RAP;POP
SEHABE;SANISER;SUSAMAM;RAP;RAP
SEHABE;FUAT ERGIN;SUSAMAM;RAP;RAP
SEHABE;ADOS;SUSAMAM;RAP;RAP
SEHABE;HAYKI;SUSAMAM;RAP;RAP
SEHABE;SERVER URAZ;SUSAMAM;RAP;RAP
SEHABE;BETA BERK BAYINDIR;SUSAMAM;RAP;RAP
SEHABE;TAHRIBAD-I ISYAN;SUSAMAM;RAP;RAP
SEHABE;SOKRAT ST;SUSAMAM;RAP;RAP
SEHABE;OZBI;SUSAMAM;RAP;RAP
SEHABE;DENIZ TEKIN;SUSAMAM;RAP;POP
SEHABE;ASPOVA;SUSAMAM;RAP;RAP
SEHABE;DEFKHAN;SUSAMAM;RAP;RAP
SEHABE;MERT SENEL;SUSAMAM;RAP;RAP
SEHABE;KAMUFLE;SUSAMAM;RAP;RAP
SEHABE;EMIR CAN IGREK;ANLA;RAP;POP
SEHABE;AYDILGE;BIR AYDA UNUTURSUN;RAP;POP
SEHABE;AYCA OZEFE;NEREDESIN DEME;RAP;POP
SEHABE;AYDILGE;SEN;RAP;POP
SEHABE;SANISER;SIYAH;RAP;RAP
SEHABE;SANISER;ASILMAZ YOLLAR;RAP;RAP
SEHABE;SANISER;KAYIP;RAP;RAP
SEHABE;SANISER;GUNES BATSIN;RAP;RAP
MERT SENEL;SANISER;SUSAMAM;RAP;RAP
MERT SENEL;FUAT ERGIN;SUSAMAM;RAP;RAP
MERT SENEL;ADOS;SUSAMAM;RAP;RAP
MERT SENEL;HAYKI;SUSAMAM;RAP;RAP
MERT SENEL;SERVER URAZ;SUSAMAM;RAP;RAP
MERT SENEL;BETA BERK BAYINDIR;SUSAMAM;RAP;RAP
MERT SENEL;TAHRIBAD-I ISYAN;SUSAMAM;RAP;RAP
MERT SENEL;SOKRAT ST;SUSAMAM;RAP;RAP
MERT SENEL;OZBI;SUSAMAM;RAP;RAP
MERT SENEL;DENIZ TEKIN;SUSAMAM;RAP;POP
MERT SENEL;ASPOVA;SUSAMAM;RAP;RAP
MERT SENEL;DEFKHAN;SUSAMAM;RAP;RAP
MERT SENEL;KAMUFLE;SUSAMAM;RAP;RAP
MERT SENEL;GROGI;GOZUMDE BUYUTTUM;RAP;RAP
MERT SENEL;SOKRAT ST;YEMINIM VAR;RAP;RAP
MERT SENEL;BETA BERK BAYINDIR;VAZGEC BENDEN;RAP;RAP
MERT SENEL;BETA BERK BAYINDIR;BU KACINCI YASIM;RAP;RAP
MERT SENEL;SOKRAT ST;ARIYORUM HALA;RAP;RAP
MERT SENEL;SOKRAT ST;DUNUN HATALARI;RAP;RAP
MERT SENEL;KOZMOS;HAY AKSI;RAP;RAP
MERT SENEL;ADOS;SARI SONBAHAR;RAP;RAP
SOKRAT ST;SANISER;NE ICIN YASIYORUM;RAP;RAP
SOKRAT ST;SANISER;SUSAMAM;RAP;RAP
SOKRAT ST;FUAT ERGIN;SUSAMAM;RAP;RAP
SOKRAT ST;ADOS;SUSAMAM;RAP;RAP
SOKRAT ST;HAYKI;SUSAMAM;RAP;RAP
SOKRAT ST;SERVER URAZ;SUSAMAM;RAP;RAP
SOKRAT ST;BETA BERK BAYINDIR;SUSAMAM;RAP;RAP
SOKRAT ST;TAHRIBAD-I ISYAN;SUSAMAM;RAP;RAP
SOKRAT ST;OZBI;SUSAMAM;RAP;RAP
SOKRAT ST;DENIZ TEKIN;SUSAMAM;RAP;POP
SOKRAT ST;ASPOVA;SUSAMAM;RAP;RAP
SOKRAT ST;DEFKHAN;SUSAMAM;RAP;RAP
SOKRAT ST;KAMUFLE;SUSAMAM;RAP;RAP
SOKRAT ST;SANISER;PROLETARYA;RAP;RAP
SOKRAT ST;BETA BERK BAYINDIR;POLIS YOK;RAP;RAP
SOKRAT ST;BETA BERK BAYINDIR;GREGORYEN;RAP;RAP
SOKRAT ST;SANISER;ALARM YOK;RAP;RAP
SOKRAT ST;SANISER;YALAN;RAP;RAP
SOKRAT ST;DENIZ TEKIN;OZUR DILERIM;RAP;POP
SOKRAT ST;SANISER;GUYA;RAP;RAP
SOKRAT ST;SANISER;TEK HAYALIM;RAP;RAP
SOKRAT ST;SANISER;GECE COKUYOR;RAP;RAP
SOKRAT ST;CONTRA;ZOR BIR GUN;RAP;RAP
SOKRAT ST;ADOS;BITTI;RAP;RAP
SOKRAT ST;SANISER;GUYA 3;RAP;RAP
SOKRAT ST;ADOS;12'LIK VERSE;RAP;RAP
SOKRAT ST;KAMUFLE;12'LIK VERSE;RAP;RAP
SOKRAT ST;SANISER;HER YER YANGIN;RAP;RAP
SOKRAT ST;SANISER;GUYA 2;RAP;RAP
SOKRAT ST;SANISER;BU SABAH;RAP;RAP
SOKRAT ST;SANISER;BIKTIM DUNYADAN;RAP;RAP
SOKRAT ST;SANISER;HERKES KONUSUR;RAP;RAP
SOKRAT ST;ADOS;HERKES KONUSUR;RAP;RAP
SOKRAT ST;ADOS;BOSS LIG 3;RAP;RAP
SOKRAT ST;DEFKHAN;BOSS LIG 4;RAP;RAP
SOKRAT ST;SANISER;TEK HAYALIM;RAP;RAP
METTH;KHONTKAR;XTRA;RAP;RAP
METTH;KHONTKAR;PARA VERMEM;RAP;RAP
METTH;KHONTKAR;ONA HARCA;RAP;RAP
METTH;KHONTKAR;HER GECE;RAP;RAP
METTH;KHONTKAR;ICIN RAHAT ETSIN;RAP;RAP
METTH;KHONTKAR;GOT;RAP;RAP
METTH;KHONTKAR;SENCE NEDEN;RAP;RAP
METTH;KHONTKAR;REDKEYGANG;RAP;RAP
METTH;KHONTKAR;KARAKOLDA;RAP;RAP
METTH;KHONTKAR;DÖRT DÖRTLÜK;RAP;RAP
METTH;KHONTKAR;GO HARD;RAP;RAP
METTH;KHONTKAR;NE VAR?;RAP;RAP
METTH;KHONTKAR;YOK OTESI-FATM REMIX;RAP;RAP
METTH;KHONTKAR;HAK ETTIGIMI VER;RAP;RAP
METTH;TAHRIBAD-I ISYAN;YOK OTESI-FATM REMIX;RAP;RAP
METTH;KHONTKAR;HEPI TOPU;RAP;RAP
METTH;KHONTKAR;DELI MI NE;RAP;RAP
METTH;KHONTKAR;TEHLIKE;RAP;RAP
METTH;KHONTKAR;DRACO;RAP;RAP
METTH;KHONTKAR;GOZUM KARA;RAP;RAP
METTH;KHONTKAR;DUN GECE;RAP;RAP
METTH;KHONTKAR;TAKSIT;RAP;RAP
METTH;KHONTKAR;BIZE GEL;RAP;RAP
METTH;KHONTKAR;EN IYISI KIM;RAP;RAP
METTH;KHONTKAR;DRIP;RAP;RAP
LVBEL C5;CAKAL;JET BABA;RAP;RAP
LVBEL C6;MURDA;KHRBR;RAP;RAP
SEFO;SEMICENK;AFFETTIM;RAP;POP
KURTULUS KUS;BURAK BULUT;ANALARA DALARIZ;POP;POP
KURTULUS KUS;BURAK BULUT;MANOLYA;POP;POP
KURTULUS KUS;BURAK BULUT;BUNDAN GAYRI;POP;POP
KURTULUS KUS;BURAK BULUT;RASTGELE;POP;POP
KURTULUS KUS;BURAK BULUT;YAREM;POP;POP
KURTULUS KUS;BURAK BULUT;KARALAYA KARALAYA;POP;POP
KURTULUS KUS;IREM DERICI;RASTGELE;POP;POP
KURTULUS KUS;TUGCE KANDEMIR;AC GOZUNU;POP;POP
KURTULUS KUS;BURAK BULUT;BABA YAK;POP;POP
KURTULUS KUS;BURAK BULUT;ICIME ATA ATA;POP;POP
KURTULUS KUS;BURAK BULUT;NABIZ;POP;POP
KURTULUS KUS;BURAK BULUT;KEHRIBAR;POP;POP
KURTULUS KUS;BURAK BULUT;RAKIYA MEZE OLALIM;POP;POP
KURTULUS KUS;BURAK BULUT;DENEDIM DEME;POP;POP
KURTULUS KUS;BURAK BULUT;SEVMEDIM DEME;POP;POP
KURTULUS KUS;BURAK BULUT;GONUL MEYHANESI;POP;POP
KURTULUS KUS;BURAK BULUT;AGLATIR;POP;POP
KURTULUS KUS;BURAK BULUT;ES DELI DELI;POP;POP
KURTULUS KUS;BURAK BULUT;SARGI;POP;POP
KURTULUS KUS;BURAK BULUT;HERKES DUYDU;POP;POP
KURTULUS KUS;BURAK BULUT;GOZLERIN SILAH;POP;POP
KURTULUS KUS;BURAK BULUT;ALEV ALEV;POP;POP
KURTULUS KUS;IREM DERICI;ALEV ALEV;POP;POP
KURTULUS KUS;BURAK BULUT;LEYLA MECNUN;POP;POP
KURTULUS KUS;BURAK BULUT;BAHAR BAHCEM;POP;POP
KURTULUS KUS;BURAK BULUT;YENIDEN SEVEMEM;POP;POP
KURTULUS KUS;BURAK BULUT;BIPOLAR;POP;POP
KURTULUS KUS;BURAK BULUT;BENI BU GECEDEN OLDUR;POP;POP
KURTULUS KUS;BURAK BULUT;ASK BANA YARAMIYOR;POP;POP
KURTULUS KUS;BURAK BULUT;HASAT;POP;POP
KURTULUS KUS;BURAK BULUT;SEBEPSIZ GIDENLERE;POP;POP
KURTULUS KUS;BURAK BULUT;MASAMDA RESMİN;POP;POP
KURTULUS KUS;BURAK BULUT;HER YANIM KAN;POP;POP
KURTULUS KUS;BURAK BULUT;2L;POP;POP
KURTULUS KUS;BURAK BULUT;ELFIDA;POP;POP
KURTULUS KUS;BURAK BULUT;LEYLAM;POP;POP
KURTULUS KUS;BURAK BULUT;AGLA GOZUM;POP;POP
KURTULUS KUS;BURAK BULUT;BENI BU ZAMANDA;POP;POP
KURTULUS KUS;BURAK BULUT;YENIDEN DOGAR MI GUNES;POP;POP
BURAK BULUT;IREM DERICI;RASTGELE;POP;POP
BURAK BULUT;IREM DERICI;ALEV ALEV;POP;POP
SEMICENK;SEFO;SABRETTIM;POP;RAP
SEMICENK;RAST;CANIN SAG OLSUN;POP;POP
SEMICENK;REYNMEN;YANA YANA;POP;POP
NIGAR MUHARREM;BILAL HANCI;GUC BELA;POP;POP
NIGAR MUHARREM;BILAL HANCI;#ZELZELE;POP;POP
NIGAR MUHARREM;PINAR SUER;#ZELZELE;POP;POP
NIGAR MUHARREM;CAN YUCE;#ZELZELE;POP;POP
NIGAR MUHARREM;NAHIDE BABASHLI;#ZELZELE;POP;POP
VELET;ECE MUMAY;OLMADI;RAP;POP
VELET;MASSAKA;KATLIAM 2 ;RAP;RAP
VELET;YENER CEVIK;KATLIAM 2;RAP;RAP
VELET;SANSAR SALVO;KATLIAM 2;RAP;RAP
VELET;DEFKHAN;KATLIAM 2;RAP;RAP
VELET;CONTRA;KATLIAM 2;RAP;RAP
VELET;GEKKO G;KATLIAM 2;RAP;RAP
VELET;ROTA;ZIRVE;RAP;RAP
VELET;DEFKHAN;ZIRVE;RAP;RAP
VELET;MONSTAR361;KATLIAM 2;RAP;RAP
MONSTAR361;YENER CEVIK;KATLIAM 2;RAP;RAP
MONSTAR361;SANSAR SALVO;KATLIAM 2;RAP;RAP
MONSTAR361;DEFKHAN;KATLIAM 2;RAP;RAP
MONSTAR361;CONTRA;KATLIAM 2 ;RAP;RAP
MONSTAR361;GEKKO G;KATLIAM 2;RAP;RAP
MONSTAR361;MASSAKA;SAH MAT;RAP;RAP
MONSTAR361;MASSAKA;ANDERE LIGA;RAP;RAP
MONSTAR361;MASSAKA;36 CLAN;RAP;RAP
MONSTAR361;MASSAKA;KONIGSRASSE;RAP;RAP
MONSTAR361;MASSAKA;DEATHROW;RAP;RAP
MONSTAR361;MASSAKA;SALDIR;RAP;RAP
MONSTAR361;MASSAKA;36 CINEMA;RAP;RAP
MONSTAR361;MASSAKA;KOTTI;RAP;RAP
MONSTAR361;MASSAKA;KANA KAN;RAP;RAP
MONSTAR361;MASSAKA;BLUTBETON;RAP;RAP
MONSTAR361;MASSAKA;DAS KARTEL;RAP;RAP
MONSTAR361;MASSAKA;ALL IN;RAP;RAP
MONSTAR361;MASSAKA;DOPAMIN;RAP;RAP
MONSTAR361;MASSAKA;WIR BELEIBEN STANDHAFT;RAP;RAP
MONSTAR361;KILLA HAKAN;WIR BELEIBEN STANDHAFT;RAP;RAP
MONSTAR361;MASSAKA;FALIM KANLI;RAP;RAP
MONSTAR361;MASSAKA;KATLIAM;RAP;RAP
MONSTAR361;KILLA HAKAN;KATLIAM;RAP;RAP
MONSTAR361;CEZA;KATLIAM;RAP;RAP
MONSTAR361;GEKKO G;KATLIAM;RAP;RAP
MONSTAR361;MASSAKA;BLAULICHT;RAP;RAP
MONSTAR361;MASSAKA;45 GAME;RAP;RAP
MONSTAR361;MASSAKA;DORNENREİCH;RAP;RAP
MONSTAR361;MASSAKA;DARK NIGHT;RAP;RAP
MONSTAR361;MASSAKA;SCHLAGE ALARM;RAP;RAP
MONSTAR361;MASSAKA;PANZERFAUTS;RAP;RAP
MONSTAR361;MASSAKA;SPIEGLEIN SAG MIR;RAP;RAP
MONSTAR361;MASSAKA;BLUTBETON 2;RAP;RAP
MONSTAR361;MASSAKA;ALTE GARDE;RAP;RAP
MONSTAR361;MASSAKA;36 FESTUNG;RAP;RAP
MONSTAR361;MASSAKA;SCHWARZ;RAP;RAP
MONSTAR361;MASSAKA;WELTEN;RAP;RAP
MONSTAR361;MASSAKA;DUNKLE GESTALTEN;RAP;RAP
MONSTAR361;MASSAKA;ERDE, WASSER UND BLUT;RAP;RAP
MONSTAR361;MASSAKA;SCHUSSKRAFT;RAP;RAP
MONSTAR361;MASSAKA;PHANTOM;RAP;RAP
DEFKHAN;SANSAR SALVO;KATLIAM 3;RAP;RAP
DEFKHAN;DR.FUCHS;KATLIAM 3;RAP;RAP
DEFKHAN;CANBAY & WOLKER;KATLIAM 3;RAP;RAP
DEFKHAN;WOLKER;KATLIAM 3;RAP;RAP
DEFKHAN;SANISER;KATLIAM 3 ;RAP;RAP
DEFKHAN;ROTA;KATLIAM 3;RAP;RAP
DEFKHAN;HAYKI;KATLIAM 3;RAP;RAP
DEFKHAN;YENER CEVIK;KATLIAM 3;RAP;RAP
DEFKHAN;TEKMILL;KATLIAM 3;RAP;RAP
DEFKHAN;SIRDAV;KATLIAM 3;RAP;RAP
DEFKHAN;CASH FLOW;AC KURTLAR;RAP;RAP
DEFKHAN;YENER CEVIK;KATLIAM 2;RAP;RAP
DEFKHAN;SANSAR SALVO;KATLIAM 2;RAP;RAP
DEFKHAN;GEKKO G;KATLIAM 2;RAP;RAP
DEFKHAN;CONTRA;KATLIAM 2;RAP;RAP
DEFKHAN;SANSAR SALVO;YALAN DUNYA;RAP;RAP
DEFKHAN;ALLAME;GIRDAP;RAP;RAP
DEFKHAN;YENER CEVIK;KADRO;RAP;RAP
DEFKHAN;SANSAR SALVO;KADRO;RAP;RAP
DEFKHAN;SANISER;SUSAMAM;RAP;RAP
DEFKHAN;FUAT ERGIN;SUSAMAM;RAP;RAP
DEFKHAN;ADOS;SUSAMAM;RAP;RAP
DEFKHAN;HAYKI;SUSAMAM;RAP;RAP
DEFKHAN;SERVER URAZ;SUSAMAM;RAP;RAP
DEFKHAN;BETA BERK BAYINDIR;SUSAMAM;RAP;RAP
DEFKHAN;TAHRIBAD-I ISYAN;SUSAMAM;RAP;RAP
DEFKHAN;SOKRAT ST;SUSAMAM;RAP;RAP
DEFKHAN;OZBI;SUSAMAM;RAP;RAP
DEFKHAN;DENIZ TEKIN;SUSAMAM;RAP;POP
DEFKHAN;KAMUFLE;SUSAMAM;RAP;RAP
DEFKHAN;ASPOVA;SUSAMAM;RAP;RAP
DEFKHAN;SEHINSAH;NO RISK NO FUN;RAP;RAP
DEFKHAN;ALLAME;OYUNUN KURALI;RAP;RAP
DEFKHAN;ALLAME;OYUNUN KRALI;RAP;RAP
DEFKHAN;ROTA;RUH;RAP;RAP
DEFKHAN;ROTA;ZIRVE 2;RAP;RAP
DEFKHAN;BURAK KING;ZIRVE 2;RAP;RAP
DEFKHAN;YENER CEVIK;ZIRVE 2;RAP;RAP
DEFKHAN;HAYKI;ZIRVE 2;RAP;RAP
DEFKHAN;ROTA;ZIRVE;RAP;RAP
DEFKHAN;WOLKER;ZIRVE;RAP;RAP
DEFKHAN;SANSAR SALVO;BUKKARI;RAP;RAP
DEFKHAN;CASH FLOW;BUKKARI;RAP;RAP
DEFKHAN;MASSAKA;HIGHTECH;RAP;RAP
DEFKHAN;SANSAR SALVO;HIGHTECH;RAP;RAP
DEFKHAN;KEZZO;OLDURAMADIM;RAP;RAP
DEFKHAN;ROTA;MAT;RAP;RAP
DEFKHAN;ROTA;D.I.G;RAP;RAP
DEFKHAN;ROTA;KALPTEN;RAP;RAP
DEFKHAN;YENER CEVIK;SIKA SIKA;RAP;RAP
GEKKO G;CASH FLOW;SUIKAST;RAP;RAP
GEKKO G;MASSAKA;KATLIAM 2;RAP;RAP
GEKKO G;SANSAR SALVO;KATLIAM 2;RAP;RAP
GEKKO G;YENER CEVIK;KATLIAM 2;RAP;RAP
GEKKO G;CONTRA;KATLIAM 2;RAP;RAP
GEKKO G;CEZA;RAP GAME;RAP;RAP
GEKKO G;KILLA HAKAN;RAP GAME;RAP;RAP
GEKKO G;MASSAKA;KATLIAM 1;RAP;RAP
GEKKO G;CEZA;KATLIAM 1;RAP;RAP
GEKKO G;KILLA HAKAN;KATLIAM 1;RAP;RAP
GEKKO G;CEZA;ISTE CREW;RAP;RAP
GEKKO G;KILLA HAKAN;ISTE CREW;RAP;RAP
GEKKO G;MASSAKA;KATLIAM;RAP;RAP
GEKKO G;KILLA HAKAN;KATLIAM;RAP;RAP
GEKKO G;CEZA;KATLIAM;RAP;RAP
GEKKO G;KILLA HAKAN;ICIMDE KILLA VAR;RAP;RAP
GEKKO G;YENER CEVIK;ICIMDE KILLA VAR;RAP;RAP
GEKKO G;HAYKI;SEK RAP;RAP;RAP
GEKKO G;SANSAR SALVO;SEK RAP;RAP;RAP
GEKKO G;FUAT ERGIN;HIPNOTIZE OL;RAP;RAP
GEKKO G;KILLA HAKAN;HIPNOTIZE OL;RAP;RAP
GEKKO G;KILLA HAKAN;RAF TAFFA;RAP;RAP
GEKKO G;KILLA HAKAN;ISTE KILLA GELDI;RAP;RAP
GEKKO G;KILLA HAKAN;GELIRLERSE GELIRLER;RAP;RAP
GEKKO G;KILLA HAKAN;RITIM RITIM;RAP;RAP
GEKKO G;CEZA;BIRIKIM;RAP;RAP
GEKKO G;KILLA HAKAN;BIRIKIM;RAP;RAP
CEG;ASPOVA;TRY HARD;RAP;RAP
CEG;KOZMOS;NOTRE DAME;RAP;RAP
CEG;SEHINSAH;YIKILIYORUM;RAP;RAP
NOMAD;KEISAN;SEKIZ 2 ;RAP;RAP
NOMAD;SANSAR SALVO;ARABAYA BIN;RAP;RAP
NOMAD;GROGI;FAYDASI YOK;RAP;RAP
MONOMAN;CASH FLOW;MUSTAFA KEMAL PASA;RAP;RAP
MONOMAN;CASH FLOW;ETRAFTA DOLANMA;RAP;RAP
MONOMAN;CASH FLOW;FI TARIHI;RAP;RAP
MONOMAN;NO.1;FI TARIHI;RAP;RAP
MONOMAN;CASH FLOW;34-35;RAP;RAP
MONOMAN;HEJA;RUYA YOK;RAP;RAP
MONOMAN;CASH FLOW;GADDAR;RAP;RAP
MONOMAN;CASH FLOW;ORJIN;RAP;RAP
MONOMAN;SANSAR SALVO;SOKAKLARDA;RAP;RAP
MONOMAN;CASH FLOW;HEPSI BIZIM;RAP;RAP
MONOMAN;GROGI;MANGAL FREESTAYLE 1;RAP;RAP
MONOMAN;CASH FLOW;MUAMMA;RAP;RAP
MONOMAN;CASH FLOW;CAHILLER;RAP;RAP
AYDILGE;SANSAR SALVO;ARTIK HERKES BELKI DE;POP;RAP
KILLA HAKAN ;MASSAKA;PARAYI YIKA;RAP;RAP
KILLA HAKAN ;CEZA;KREUZBERG-KADIKOY;RAP;RAP
KILLA HAKAN ;SUMMER CEM;KREUZBERG-KADIKOY;RAP;RAP
KILLA HAKAN ;MASSAKA;KATLIAM;RAP;RAP
KILLA HAKAN ;GEKKO G;KATLIAM;RAP;RAP
KILLA HAKAN ;CEZA;KATLIAM;RAP;RAP
KILLA HAKAN ;MASSAKA;WIR BLEIBEN STANDHAFT;RAP;RAP
KILLA HAKAN ;CEZA;HARDCORE CAMP;RAP;RAP
KILLA HAKAN ;CEZA;TURKCE RAP GRANDSCHOOL MIXTAPE;RAP;RAP
KILLA HAKAN ;DR.FUCHS;TURKCE RAP GRANDSCHOOL MIXTAPE;RAP;RAP
KILLA HAKAN ;FUAT ERGIN;TURKCE RAP GRANDSCHOOL MIXTAPE;RAP;RAP
KILLA HAKAN ;CEZA;LETS READY TO RUMPLE;RAP;RAP
KILLA HAKAN ;CEZA;KORK BIZDEN;RAP;RAP
KILLA HAKAN ;CEZA;ISTE CREW;RAP;RAP
KILLA HAKAN ;CEZA;GANGSTA PARTY;RAP;RAP
KILLA HAKAN ;CEZA;RAP OZGURLUK DEMEK;RAP;RAP
KILLA HAKAN ;YENER CEVIK;ICIMDE KILLA VAR;RAP;RAP
KILLA HAKAN ;CEZA;UZERIMIZDE GOZLER;RAP;RAP
KILLA HAKAN ;MASSAKA;DAS KARTELL;RAP;RAP
KILLA HAKAN ;CEZA;BOMBA PLAK;RAP;RAP
KILLA HAKAN ;CEZA;HADI BIZE BAGLAN;RAP;RAP
KILLA HAKAN ;SUMMER CEM;HADI BIZE BAGLAN;RAP;RAP
KILLA HAKAN ;NO.1;KILLA;RAP;RAP
KILLA HAKAN ;CEZA;ALLES TAMAM;RAP;RAP
KILLA HAKAN ;KHONTKAR;BANG BANG;RAP;RAP
KILLA HAKAN ;MASSAKA;KATLIAM 1 ;RAP;RAP
KILLA HAKAN ;CEZA;KATLIAM 1;RAP;RAP
KILLA HAKAN ;CEZA;BASIT BIR SUC;RAP;RAP
KILLA HAKAN ;CEZA;RAP GAME;RAP;RAP
KILLA HAKAN ;CEZA;GECEDEN KORKMA GEL;RAP;RAP
KILLA HAKAN ;CEZA;GHEDDO;RAP;RAP
KILLA HAKAN ;YENER CEVIK;GHEDDO;RAP;RAP
KILLA HAKAN ;HAYKI;TURKISH NIGHTMARE;RAP;RAP
KILLA HAKAN ;MASSAKA;FIGHT KULUP 2;RAP;RAP
KILLA HAKAN ;SUMMER CEM;FIGHT KULUP 2;RAP;RAP
KILLA HAKAN ;CONTRA;FIGHT KULUP 2;RAP;RAP
KILLA HAKAN ;KHONTKAR;FIGHT KULUP 2;RAP;RAP
KILLA HAKAN ;CEZA;FIGHT KULUP 2;RAP;RAP
KILLA HAKAN ;CEZA;DELIGHT;RAP;RAP
SUMMER CEM;MASSAKA;FIGHT KULUP 2;RAP;RAP
SUMMER CEM;CONTRA;FIGHT KULUP 2;RAP;RAP
SUMMER CEM;KHONTKAR;FIGHT KULUP 2;RAP;RAP
SUMMER CEM;CEZA;FIGHT KULUP 2;RAP;RAP
SUMMER CEM;MURDA;FLY;RAP;RAP
KHONTKAR;BEN FERO;JENGA;RAP;RAP
KHONTKAR;GROGI;GELEMEM;RAP;RAP
KHONTKAR;BEN FERO;HEYECANLANMAN NORMAL;RAP;RAP
KHONTKAR;MASSAKA;FIGHT KULUP 2;RAP;RAP
KHONTKAR;CONTRA;FIGHT KULUP 2;RAP;RAP
KHONTKAR;CEZA;FIGHT KULUP 2;RAP;RAP
KHONTKAR;RECKOL;LEGO;RAP;RAP
KHONTKAR;ALLAME;LAB CYPHER 5;RAP;RAP
FUAT ERGIN;SANISER;SUSAMAM;RAP;RAP
FUAT ERGIN;ADOS;SUSAMAM;RAP;RAP
FUAT ERGIN;HAYKI;SUSAMAM;RAP;RAP
FUAT ERGIN;SERVER URAZ;SUSAMAM;RAP;RAP
FUAT ERGIN;BETA BERK BAYINDIR;SUSAMAM;RAP;RAP
FUAT ERGIN;TAHRIBAD-I ISYAN;SUSAMAM;RAP;RAP
FUAT ERGIN;SOKRAT ST;SUSAMAM;RAP;RAP
FUAT ERGIN;OZBI;SUSAMAM;RAP;RAP
FUAT ERGIN;DENIZ TEKIN;SUSAMAM;RAP;POP
FUAT ERGIN;ASPOVA;SUSAMAM;RAP;RAP
FUAT ERGIN;KAMUFLE;SUSAMAM;RAP;RAP
FUAT ERGIN;CEZA;ILLEGAL REP EMRIMDE 2;RAP;RAP
FUAT ERGIN;SANISER;SONRASI YOK;RAP;RAP
FUAT ERGIN;SANISER;MECHULE DOGRU;RAP;RAP
FUAT ERGIN;SANISER;ISTEMEM;RAP;RAP
FUAT ERGIN;CEZA;TURKCE RAP GRANDSCHOOL MIXTAPE;RAP;RAP
FUAT ERGIN;DR.FUCHS;TURKCE RAP GRANDSCHOOL MIXTAPE;RAP;RAP
FUAT ERGIN;CEZA;AMERAKANCIKLARA MASAJ;RAP;RAP
FUAT ERGIN;ALLAME;AILE MEZARI;RAP;RAP
FUAT ERGIN;KEZZO;ELE VERDIN;RAP;RAP
FUAT ERGIN;CEZA;PROTEST MIX 3;RAP;RAP
CEZA;MASSAKA;SOGUK MEVSIM;RAP;RAP
CEZA;DR.FUCHS;SOGUK MEVSIM;RAP;RAP
CEZA;BEN FERO;FIGHT KULUP;RAP;RAP
CEZA;MASSAKA;FIHGT KLUP 2;RAP;RAP
CEZA;CONTRA;FIHGT KLUP 3;RAP;RAP
CEZA;SANSAR SALVO;HEDEFINI BUL;RAP;RAP
CEZA;YENER CEVIK;GHEDDO;RAP;RAP
CAKAL;SERDAR ORTAC;GOCEBE;RAP;POP
CAKAL;RECKOL;BENIMLE GEL;RAP;RAP
CAKAL;RECKOL;PISMAN;RAP;RAP
CAKAL;RECKOL;O YETERDI ASLINDA;RAP;RAP
CAKAL;RECKOL;PERROS BLANCOS;RAP;RAP
CAKAL;RECKOL;GLOCK;RAP;RAP
CAKAL;RECKOL;MIATOXKUSHINA;RAP;RAP
CAKAL;RECKOL;FIJI;RAP;RAP
CAKAL;CASH FLOW;FRED CAKMAKTAS;RAP;RAP
DELAREDO;SOKRAT ST;KEYFIM IYI;RAP;RAP
RECKOL;CONTRA;TIRMANDIM;RAP;RAP
RECKOL;SEHINSAH;#PHONKFREESTAYLE;RAP;RAP
RECKOL;CONTRA;KARANLIKLARDA;RAP;RAP
OHASH;SEHINSAH;PEAK POINT;RAP;RAP
OHASH;ALLAME;LAB CYPHER 4;RAP;RAP
OHASH;SANSAR SALVO;ELE GUNE;RAP;RAP
OHASH;SANSAR SALVO;IDOL;RAP;RAP
OHASH;DENIZ TEKIN;VAHA;RAP;POP
REDO;SANISER;64 SATIRDA DEVR-I DER SAADET;RAP;RAP
REDO;GROGI;BOSVER;RAP;RAP
REDO;SANSAR SALVO;BOSVER;RAP;RAP
REDO;KAMUFLE;BASKA;RAP;RAP
REDO;GROGI;BIZ BIZKEN SIZ;RAP;RAP
REDO;KAMUFLE;NOOLUR;RAP;RAP
REDO;BETA BERK BAYINDIR;TRIPTE DEGILIZ;RAP;RAP
REDO;GROGI;DELILI YOK;RAP;RAP
REDO;KAMUFLE;ANORMAL;RAP;RAP
REDO;KAMUFLE;SOKAKLAR 2 ;RAP;RAP
REDO;KAMUFLE;SIGARA BUL;RAP;RAP
REDO;GROGI;MISSTRACK;RAP;RAP
REDO;HAYKI;MISSTRACK;RAP;RAP
REDO;SEHINSAH;MISSTRACK;RAP;RAP
REDO;KAMUFLE;MISSTRACK;RAP;RAP
REDO;KAMUFLE;BIZLE DERDIN NE;RAP;RAP
REDO;GROGI;TURNAKLAR YARIN;RAP;RAP
REDO;KAMUFLE;KALDIR ELI;RAP;RAP
REDO;KAMUFLE;CEHALETIN EVLATLARI;RAP;RAP
REDO;GROGI;TUTULDUK SANKI 1;RAP;RAP
REDO;KAMUFLE;PISTRACKT;RAP;RAP
REDO;GROGI;PISTRACKT;RAP;RAP
REDO;SOKRAT ST;PISTRACKT;RAP;RAP
REDO;KAMUFLE;TEK YOK MUZIK;RAP;RAP
BETA BERK BAYINDIR;SANISER;SUSAMAM;RAP;RAP
BETA BERK BAYINDIR;ADOS;SUSAMAM;RAP;RAP
BETA BERK BAYINDIR;HAYKI;SUSAMAM;RAP;RAP
BETA BERK BAYINDIR;SERVER URAZ;SUSAMAM;RAP;RAP
BETA BERK BAYINDIR;TAHRIBAD-I ISYAN;SUSAMAM;RAP;RAP
BETA BERK BAYINDIR;SOKRAT ST;SUSAMAM;RAP;RAP
BETA BERK BAYINDIR;OZBI;SUSAMAM;RAP;RAP
BETA BERK BAYINDIR;DENIZ TEKIN;SUSAMAM;RAP;POP
BETA BERK BAYINDIR;ASPOVA;SUSAMAM;RAP;RAP
BETA BERK BAYINDIR;KAMUFLE;SUSAMAM;RAP;RAP
BETA BERK BAYINDIR;SANISER;HER SEY AYNI;RAP;RAP
BETA BERK BAYINDIR;SERVER URAZ;YANIMDA;RAP;RAP
BETA BERK BAYINDIR;SOKRAT ST;GREGORYEN;RAP;RAP
BETA BERK BAYINDIR;SOKRAT ST;POLIS YOK;RAP;RAP
BETA BERK BAYINDIR;SEHINSAH;BAY BAY;RAP;RAP
BETA BERK BAYINDIR;SANISER;HER SEY AYNI;RAP;RAP
BETA BERK BAYINDIR;SERVER URAZ;KIME NE;RAP;RAP
BETA BERK BAYINDIR;CONTRA;HALIMIZ DUMAN;RAP;RAP
BETA BERK BAYINDIR;KAMUFLE;HALIMIZ DUMAN;RAP;RAP
BETA BERK BAYINDIR;SOKRAT ST;SAKIN OL;RAP;RAP
BETA BERK BAYINDIR;SERVER URAZ;SOBE;RAP;RAP
BETA BERK BAYINDIR;SERVER URAZ;SUTLA TOPU;RAP;RAP
SERVER URAZ;SANISER;GECE;RAP;RAP
SERVER URAZ;SANISER;SUSAMAM;RAP;RAP
SERVER URAZ;ADOS;SUSAMAM;RAP;RAP
SERVER URAZ;HAYKI;SUSAMAM;RAP;RAP
SERVER URAZ;TAHRIBAD-I ISYAN;SUSAMAM;RAP;RAP
SERVER URAZ;SOKRAT ST;SUSAMAM;RAP;RAP
SERVER URAZ;OZBI;SUSAMAM;RAP;RAP
SERVER URAZ;DENIZ TEKIN;SUSAMAM;RAP;POP
SERVER URAZ;ASPOVA;SUSAMAM;RAP;RAP
SERVER URAZ;KAMUFLE;SUSAMAM;RAP;RAP
SERVER URAZ;SANSAR SALVO;SUVARI;RAP;RAP
REYNMEN;SEMICENK;YANA YANA;POP;POP
MUSTAFA SANDAL;GULBEN ERGEN;SIKIR SIKIR;POP;POP
MUSTAFA SANDAL;IRMAK ARICI;BIZIM COCUKLAR;POP;POP
KOZMOS;TAHRIBAD-I ISYAN;NOLUYO;RAP;RAP
EMIR CAN IGREK;CONTRA; KOR X ISLAK KUM;POP;RAP
GROGI;SANSAR SALVO;BOSVER;RAP;RAP
GROGI;HAYKI;ADRENALIN;RAP;RAP
GROGI;KAMUFLE;ADRENALIN;RAP;RAP
GROGI;HAYKI;MADALYON;RAP;RAP
GROGI;KAMUFLE;BASA SARMAK YOK;RAP;RAP
GROGI;KAMUFLE;YALAN DUNYA;RAP;RAP
GROGI;HAYKI;MISTRACK;RAP;RAP
GROGI;KAMUFLE;MISTRACK;RAP;RAP
GROGI;SEHINSAH;MISTRACK;RAP;RAP
GROGI;TAHRIBAD-I ISYAN;FAVELA;RAP;RAP
CANBAY & WOLKER;ALEYNA KALAYCIOGLU;EPEY ZAMAN GECTI;RAP;POP
CANBAY & WOLKER;HEJA;TURKISH NIGHTMARE REOADED;RAP;RAP
CANBAY & WOLKER;HEJA;TURKISH NIGHTMARE 2;RAP;RAP
SANISER;SOKRAT ST;NE ICIN YASIYORUM;RAP;RAP
SANISER;MASSAKA;KATLIAM 3;RAP;RAP
SANISER;SANSAR SALVO;KATLIAM 3;RAP;RAP
SANISER;DR.FUCHS;KATLIAM 3;RAP;RAP
SANISER;HAYKI;KATLIAM 3;RAP;RAP
SANISER;YENER CEVIK;KATLIAM 3;RAP;RAP
SANISER;TEKMILL;KATLIAM 3;RAP;RAP
SANISER;ROTA;KATLIAM 3;RAP;RAP
SANISER;SIRDAV;KATLIAM 3;RAP;RAP
SANISER;ASPOVA;SUC;RAP;RAP
SANISER;ADOS;SUSAMAM;RAP;RAP
SANISER;HAYKI;SUSAMAM;RAP;RAP
SANISER;TAHRIBAD-I ISYAN;SUSAMAM;RAP;RAP
SANISER;SOKRAT ST;SUSAMAM;RAP;RAP
SANISER;OZBI;SUSAMAM;RAP;RAP
SANISER;DENIZ TEKIN;SUSAMAM;RAP;POP
SANISER;ASPOVA;SUSAMAM;RAP;RAP
SANISER;KAMUFLE;SUSAMAM;RAP;RAP
SANISER;ADOS;BENI YANLIZLIGA VERME;RAP;RAP
SANISER;ADOS;KENDIM ICIN;RAP;RAP
SANISER;SANSAR SALVO;YARIN OLUMU BEKLEMEK YERINE;RAP;RAP
SANISER;SOKRAT ST;PROLETERYA;RAP;RAP
SANISER;SOKRAT ST;ANLAMI YOK;RAP;RAP
SANISER;SOKRAT ST;YALAN;RAP;RAP
SANISER;EMIR CAN IGREK;GORUNCE DUNYAMIN YIKILDIGINI;RAP;POP
SANISER;SOKRAT ST;GUYA;RAP;RAP
SANISER;SOKRAT ST;TEK HAYALIM;RAP;RAP
SANISER;SOKRAT ST;GECE COKUYOR;RAP;RAP
ROTA;MASSAKA;KATLIAM 3;RAP;RAP
ROTA;SANSAR SALVO;KATLIAM 3 ;RAP;RAP
ROTA;DR.FUCHS;KATLIAM 3;RAP;RAP
ROTA;CANBAY & WOLKER;KATLIAM 3;RAP;RAP
ROTA;HAYKI;KATLIAM 3;RAP;RAP
ROTA;YENER CEVIK;KATLIAM 3;RAP;RAP
ROTA;TEKMILL;KATLIAM 3 ;RAP;RAP
ROTA;SIRDAV;KATLIAM 3;RAP;RAP
ROTA;BURAK KING;KALBIM;RAP;RAP
ROTA;DEFKHAN;RUH;RAP;RAP
ROTA;BURAK KING;ZIRVE 2;RAP;RAP
ROTA;HAYKI;ZIRVE 2;RAP;RAP
ROTA;YENER CEVIK;ZIRVE 2;RAP;RAP
ROTA;CANBAY & WOLKER;ZIRVE ;RAP;RAP
ROTA;DEFKHAN;ZIRVE;RAP;RAP
ROTA;ASPOVA;7.GUN;RAP;RAP
ROTA;YENER CEVIK;TEK KISI;RAP;RAP
ROTA;BURAK KING;SOLUKSUZ;RAP;RAP
HAYKI;MASSAKA;KATLIAM 3;RAP;RAP
HAYKI;SANSAR SALVO;KATLIAM 3;RAP;RAP
HAYKI;DR.FUCHS;KATLIAM 3;RAP;RAP
HAYKI;YENER CEVIK;KATLIAM 3;RAP;RAP
HAYKI;TEKMILL;KATLIAM 3;RAP;RAP
HAYKI;SIRDAV;KATLIAM 3;RAP;RAP
HAYKI;YENER CEVIK;TABLO;RAP;RAP
HAYKI;ALLAME;MANIFESTO;RAP;RAP
HAYKI;ADOS;SUSAMAM;RAP;RAP
HAYKI;TAHRIBAD-I ISYAN;SUSAMAM;RAP;RAP
HAYKI;SOKRAT ST;SUSAMAM;RAP;RAP
HAYKI;OZBI;SUSAMAM;RAP;RAP
HAYKI;DENIZ TEKIN;SUSAMAM;RAP;POP
HAYKI;ASPOVA;SUSAMAM;RAP;RAP
HAYKI;KAMUFLE;SUSAMAM;RAP;RAP
HAYKI;BURAK KING;ZIRVE 2;RAP;RAP
HAYKI;YENER CEVIK;ZIRVE 2;RAP;RAP
HAYKI;KAMUFLE;ADRENALIN;RAP;RAP
HAYKI;ALLAME;KARA PARA;RAP;RAP
HAYKI;SEHINSAH;POLITIK APOLITIK;RAP;RAP
HAYKI;SEHINSAH;EKMEK YOGURT;RAP;RAP
YENER CEVIK;MASSAKA;KATLIAM 3;RAP;RAP
YENER CEVIK;SANSAR SALVO;KATLIAM 3 ;RAP;RAP
YENER CEVIK;DR.FUCHS;KATLIAM 3;RAP;RAP
YENER CEVIK;TEKMILL;KATLIAM 3;RAP;RAP
YENER CEVIK;SIRDAV;KATLIAM 3;RAP;RAP
YENER CEVIK;CASH FLOW;KUFUR BASS;RAP;RAP
YENER CEVIK;MASSAKA;KATLIAM 2;RAP;RAP
YENER CEVIK;SANSAR SALVO;KATLIAM 2;RAP;RAP
YENER CEVIK;CONTRA;KATLIAM 2;RAP;RAP
YENER CEVIK;YILDIZ TILBE;OYLE KAL;RAP;POP
YENER CEVIK;SANSAR SALVO;KADRO;RAP;RAP
YENER CEVIK;BURAK KING;ZIRVE 2;RAP;RAP
YENER CEVIK;ALLAME;YAK GEMILERINI;RAP;RAP
YENER CEVIK;CASH FLOW;SANANE;RAP;RAP
TEKMILL;MASSAKA;KATLIAM 3;RAP;RAP
TEKMILL;SANSAR SALVO;KATLIAM 3;RAP;RAP
TEKMILL;DR.FUCHS;KATLIAM 3;RAP;RAP
TEKMILL;MASSAKA;KALASH;RAP;RAP
TEKMILL;MASSAKA;GOTHAM CITY;RAP;RAP
SIRDAV;SANSAR SALVO;GERILIM HATTI;RAP;RAP
SIRDAV;SEHINSAH;PIRLANTA;RAP;RAP
SIRDAV;DR.FUCHS;DURMAM;RAP;RAP
SIRDAV;YENER CEVIK;VAR;RAP;RAP
CONTRA;MASSAKA;KATLIAM 2;RAP;RAP
CONTRA;SANSAR SALVO;KATLIAM 2;RAP;RAP
CONTRA;MASSAKA;FIGHT KULUP 2;RAP;RAP
CONTRA;SOKRAT ST;ZOR BIR GUN;RAP;RAP
CONTRA;KAMUFLE;RUH;RAP;RAP
CONTRA;KAMUFLE;HALIMIZ DUMAN;RAP;RAP
DR.FUCHS;MASSAKA;SOGUK MEVSIM;RAP;RAP
DR.FUCHS;MASSAKA;KATLIAM 3;RAP;RAP
DR.FUCHS;SANSAR SALVO;KATLIAM 3;RAP;RAP
DR.FUCHS;SANSAR SALVO;OLDU SANMA;RAP;RAP
DR.FUCHS;SANSAR SALVO;BIR GUN BIR YOLDA;RAP;RAP
MASSAKA;SANSAR SALVO;KATLIAM 3;RAP;RAP
MASSAKA;SANSAR SALVO;KATLIAM 2;RAP;RAP
MASSAKA;SANSAR SALVO;ESKIYA;RAP;RAP
MASSAKA;CASH FLOW;HADI GEL;RAP;RAP
MASSAKA;SANSAR SALVO;HIGHTECH;RAP;RAP
SANSAR SALVO;SEHINSAH;DUYGUSAL OLMAYA GEREK YOK;RAP;RAP
SANSAR SALVO;SEHINSAH;REC PLAY PAUSE;RAP;RAP
ALEYNA KALAYCIOGLU;BURAK KING;ISTANBUL;POP;RAP
BEN FERO;CASH FLOW;UCE BESE BAKAMAM;RAP;RAP
BEN FERO;CASH FLOW;KRIMINAL RAPLAR;RAP;RAP
CASH FLOW;SEHINSAH;ADAM OLMAZ;RAP;RAP
CASH FLOW;SANSAR SALVO;BUKKARI;RAP;RAP
CASH FLOW;SEHINSAH;MAYMUNLAR CEHENNEMI;RAP;RAP
CASH FLOW;HEJA;DONSUN DUNYA DONSUN ALEM;RAP;RAP
SEHINSAH;ALLAME;KUMBARA;RAP;RAP
SEHINSAH;ASPOVA;KUMBARA;RAP;RAP
IRMAK ARICI;DERYA ULUG;BIZIM COCUKLAR;POP;POP
BILAL HANCI;PINAR SUER;#ZELZELE;POP;POP
BILAL HANCI;CAN YUCE;#ZELZELE;POP;POP
BILAL HANCI;AYSEL YAKUPOGLU;#ZELZELE;POP;POP
BILAL HANCI;NAHIDE BABASHLI;#ZELZELE;POP;POP
BILAL HANCI;TUGCE KANDEMIR;#ZELZELE;POP;POP
BENGU;SERDAR ORTAC;KORKMA KALBIM;POP;POP
BURAK KING;SANSAR SALVO;CAKALA KURDA;RAP;RAP
BURAK KING;SOKRAT ST;DUNYA;RAP;RAP
TUGCE KANDEMIR;CAN YUCE;#ZELZELE;POP;POP
TUGCE KANDEMIR;AYSEL YAKUPOGLU;#ZELZELE;POP;POP
TUGCE KANDEMIR;NAHIDE BABASHLI;#ZELZELE;POP;POP
TUGCE KANDEMIR;PINAR SUER;#ZELZELE;POP;POP
HEJA;NO.1;DUNYA GUL BANA;RAP;RAP
HEJA;NO.1;SEYTAN VE MELEKLER;RAP;RAP
HEJA;NO.1;GRIYE ISYAN;RAP;RAP
HEJA;NO.1;SAFAK OPERASYONU;RAP;RAP
HEJA;NO.1;RAP RAP RAP;RAP;RAP
HEJA;SANSAR SALVO;KORKMA;RAP;RAP
HEJA;NO.1;MARS;RAP;RAP
HEJA;KAMUFLE;BI KEZ OLSUN SES VER;RAP;RAP
HEJA;DR.FUCHS;AL CAL KUR VUR;RAP;RAP
CAGRI SINCI;NO.1;UCURUMLAR;RAP;RAP
CAGRI SINCI;SANSAR SALVO;BAZEN;RAP;RAP
CAGRI SINCI;INDIGO;IKINCI SANS;RAP;RAP
CAGRI SINCI;ADOS;MERNUS;RAP;RAP
CAGRI SINCI;KAMUFLE;FESUPHANALLAH;RAP;RAP
CAGRI SINCI;NO.1;KASET;RAP;RAP
CAGRI SINCI;INDIGO;YAPCAGNIZ ISE;RAP;RAP
ADOS;TAHRIBAD-I ISYAN;SUSAMAM;RAP;RAP
ADOS;SOKRAT ST;SUSAMAM;RAP;RAP
ADOS;OZBI;SUSAMAM;RAP;RAP
ADOS;DENIZ TEKIN;SUSAMAM;RAP;POP
ADOS;ASPOVA;SUSAMAM;RAP;RAP
ADOS;KAMUFLE;SUSAMAM;RAP;RAP
ADOS;ALLAME;SEHIR;RAP;RAP
ADOS;SOKRAT ST;BITTI;RAP;RAP
ADOS;SOKRAT ST;ON IKILIK VERSE;RAP;RAP
ADOS;KAMUFLE;ON IKILIK VERSE;RAP;RAP
ADOS;KEZZO;NEREYE GITSEM;RAP;RAP
ADOS;SOKRAT ST;HERKES KONUSUR;RAP;RAP
ADOS;SOKRAT ST;BOSS LIG 3;RAP;RAP
ADOS;CAGRI SINCI;YANLIS ZAMAN YANLIS YER;RAP;RAP
ADOS;KEZZO;IKILE;RAP;RAP
ALLAME;ASPOVA;KUMBARA;RAP;RAP
ALLAME;OZBI;SEHRIN ISIKLARI;RAP;RAP
CAN YUCE;PINAR SUER;#ZELZELE;POP;POP
CAN YUCE;NAHIDE BABASHLI;#ZELZELE;POP;POP
CAN YUCE;AYSEL YAKUPOGLU;#ZELZELE;POP;POP
PINAR SUER;TUGCE KANDEMIR;KARDAN CICEKLER;POP;POP
PINAR SUER;SANISER;GECEMIYORUM SERDEN;POP;RAP
NAHIDE BABASHLI;AYSEL YAKUPOGLU;#ZELZELE;POP;POP
NAHIDE BABASHLI;PINAR SUER;#ZELZELE;POP;POP
ECE MUMAY;ILYAS YALCINTAS;SAHIT;POP;POP
HANDE YENER;SERDAR ORTAC;IKI DELI;POP;POP
ECE MUMAY;UMUT TIMUR;CATALEYA;POP;POP
DENIZ TEKIN;SOKRAT ST;SUSAMAM;POP;RAP
DENIZ TEKIN;TAHRIBAD-I ISYAN;SUSAMAM;POP;RAP
DENIZ TEKIN;OZBI;SUSAMAM;POP;RAP
DENIZ TEKIN;ASPOVA;SUSAMAM;POP;RAP
DENIZ TEKIN;KAMUFLE;SUSAMAM;POP;RAP
DENIZ TEKIN;SOKRAT ST;OZUR DILERIM;POP;RAP
DENIZ TEKIN;KAMUFLE;FUGITHORA;POP;RAP
KEZZO;ASPOVA;DIKIS TUTMAZ;RAP;RAP
KEZZO;ALLAME;PATLAK LASTIKLER;RAP;RAP
KEZZO;ALLAME;SORU;RAP;RAP
KEZZO;ALLAME;FIRTINA;RAP;RAP
KEZZO;SANISER;SABAH OLMUYORSA;RAP;RAP
KEZZO;ASPOVA;ITIRAF;RAP;RAP
KEZZO;ALLAME;ADIL DUNYA;RAP;RAP
INDIGO;CAGRI SINCI;FLU;RAP;RAP
INDIGO;CAGRI SINCI;PAZARTESI SENDROMU;RAP;RAP
INDIGO;CAGRI SINCI;MK ULTRA;RAP;RAP
INDIGO;CAGRI SINCI;RAPCI OLMA;RAP;RAP
TAHRIBAD-I ISYAN;SOKRAT ST;SUSAMAM;RAP;RAP
TAHRIBAD-I ISYAN;OZBI;SUSAMAM;RAP;RAP
TAHRIBAD-I ISYAN;ASPOVA;SUSAMAM;RAP;RAP
TAHRIBAD-I ISYAN;KAMUFLE;SUSAMAM;RAP;RAP
TAHRIBAD-I ISYAN;ALLAME;SAHA KALK;RAP;RAP
TAHRIBAD-I ISYAN;EYPIO;DUZENEK;RAP;RAP
SOKRAT ST;OZBI;SUSAMAM;RAP;RAP
SOKRAT ST;ASPOVA;SUSAMAM;RAP;RAP
SOKRAT ST;KAMUFLE;SUSAMAM;RAP;RAP
SOKRAT ST;OZBI;TESLIM OLMA;RAP;RAP
SOKRAT ST;KAMUFLE;ON IKILIK VERSE;RAP;RAP
OZBI;ASPOVA;SUSAMAM;RAP;RAP
OZBI;KAMUFLE;SUSAMAM;RAP;RAP
ASPOVA;KAMUFLE;SUSAMAM;RAP;RAP
ALLAME;ASPOVA;FIL INADI;RAP;RAP
ASPOVA;SANISER;KARISTIRDIN;RAP;RAP
ASPOVA;ALLAME;TUZAK;RAP;RAP
KAMUFLE;SANSAR SALVO;ALL STARS;RAP;RAP
KAMUFLE;ALLAME;ALL STARS;RAP;RAP
ALLAME;SANSAR SALVO;ALL STARS;RAP;RAP
KAMUFLE;SANSAR SALVO;LIMIT YOK;RAP;RAP
KAMUFLE;ALLAME;LIMIT YOK;RAP;RAP
KAMUFLE;ANIL PIYANCI;LIMIT YOK;RAP;RAP
ALLAME;ANIL PIYANCI;LIMIT YOK;RAP;RAP
KAMUFLE;ASPOVA;DARDA KAL;RAP;RAP
